,stundent response
0,"Proponents: 
Ensuring only citizens vote 
accountability and verification
public confidence/political legitimacy 
consistency with existing laws

Opponents: 
Disenfranchisement of eligible voters
A solution in search of a problem
Administrative and logistical burdens
Elimination of registration mechanisms "
1,"The SAVE Act requires all voter registration applicants to provide documentary proof of U.S. citizenship. It is deeply rooted in voter fraud and noncitizens from voting in elections. About 9% of voting age Americans can be affected by this. Some worry that the standards are too vague, which will result in more problems. "
2,A bill that would require all Americans to provide documentary proof of U.S. citizenship to register to vote in federal elections. 
3,"Proponents want voters to have id, opponents do not."
4,"Trump wrote the safe act in order to stop immigrants and women from voting. They are making sure birth certificates and drivers license names match (not allowing women to vote). It is allowing Trump to focus on U.S. citizen voting, along with male voting. "
5,Yes
6,"Having in person voting with proof of citizenship is meant to help fair elections, but it may hinder the ability for disabled or elderly people from being able to vote. "
7,"Safeguard against voting fraud and protecting citizens from illegals and cartels from participating in elections
Stopping actual American citizens (like minorities and women) from voting, only a few (not even 1%) of voters are noncitizens "
8,There is a good range of them 
9,The proponents of the SAVE Act want laws passed to require proof of identity. Forcing proof of identity would theoretically cut down on fraudulent votes. Opponents say that the SAVE Act will only suppress legal votes from voters who don't have the time to get their information and or documentation updated.
10,"Pro: keeps ineligible voters from voting
Con: makes it significantly harder/impossible for tons of eligible voters to vote"
11,"Supporters of the SAVE Act say it protects elections by making sure only U.S. citizens can vote. They believe it will boost trust and stop voter fraud. Opponents argue it targets a problem that barely exists and could block millions of eligible voters. They say it unfairly burdens low-income people, women, and election workers.
"
12,"Proponents of the SAVE act are convinced that noncitizen voters are skewing our election results. Due to this, extra documentation is now required for anyone who tries to vote in an attempt to 'crack down' on 'illegal immigrants' voting in elections. 

Opponents of the SAVE act have reasonably pointed out that there are already multiple safeguards to only allow citizens to participate in elections. They've even gone to show that the safeguards we have in place are working, since there's an estimated 0.0001% of our votes cast by noncitizens. This is not an actual issue that we're facing, it's just another way to impose control, and restrict immigrants & women. "
13,election integrity public confidence
14,"Those who are for the Save act are mostly just trying to keep non-citizens from voting, which is fair. Those who are against the Save act are against the possibly unintentional consequences of it, which discriminate against married women and people who have had name changes (largely transgender people). "
15,"People say that the Save Act makes sure only U.S. citizens can vote. It prevents non-citizens from voting by verifying through things like a birth certificate. However, people argue that it's not necessary, could be suffocating to eligible voters, and there is little to no voter fraud anyways."
16,"The key argument is that only American citizens should be allowed to vote in elections,  not outside citizens. Proponents argument is protecting election integrity, they argue that the bill is essential to prevent non-citizens from voting in federal elections. They also say that voters should have to show identification when they are going to vote. 
Opponents include democrats voting rights organizations and election experts. Non-citizen voting is already illegal and very rare, unnecessary bureaucracy and cost, etc."
17,"federal bill that would require voters to provide documentary proof of U.S. citizenship, such as a birth certificate or passport, in order to register or update their voter registration for federal elections. "
18,"- Require proof of citizenship to vote
- Ensure only Americans vote in elections 
- Support for spending reform tied to election outcomes
opponents: 
- Bill seen as discriminatory
- Could prevent married women from voting due to name changes
- concerns about voter suppression

"
19,"the proponent's arguments claim that the SAVE Act aims to prevent voter fraud and foreign interference in elections. They see it as a necessary step to protect American democracy. The opponent's arguments claim that the provided text does not explicitly state their side, but it does mention the critics claim that the bill could be discriminatory. "
20,I learned its about fighting for a bill which was passed in April
21,"Supporters of the SAVE Act say it is needed to protect election integrity by making sure only U.S. citizens can vote. They argue that requiring proof of citizenship, like a passport or birth certificate, will prevent voter fraud and build trust in the election system. Opponents argue that voter fraud by non-citizens is extremely rare and that the new rules would make it harder for many eligible Americans especially women, low-income people, and minorities to register or vote. They believe the bill would do more harm than good by discouraging legal voters from participating."
22,It requires real id's in order to vote.
23,The save act has been introduced to stop non American citizens from voting in American elections. Many well known people have called to pass this act going as a far as accusing others of being traitors of America if they oppose it. 
24,"The SAVE act is an act that is being proposed by right wing government officials to require proof of citizenship, like a birth certificate, ID, or passport, to allow a person to vote in US elections. The left disapproves of this act, stating how it can be used to oppose individuals, the right agrees with the act and believes it will stop ""illegals from voting in US elections""."
25,Requires US voters to show document proof of citizenship when registering for voting.
26,That the SAVE Act may represent a highly contentious issue with a strong rhetoric from both sides of politics.
27,An act to provide proof of eligible U.S I.D's to ensure a legit vote. 
28,It prevents non citizens to vote and there are criminal penalties who allow this.
29,Key arguments from the proponents of the topic is that is it important for safeguarding American sovereignty and prevents voter fraud and ensures that Americans are truly the one ones voting in American elections. Key arguments from opponents of the topic are it could be discriminatory and that it could prevent eligible people from being able to vote like for example married women due to name changes.
30,People should have to show ID when voting to prevent fake votes and outside votes.
31,"Some of the proponents of the SAVE Act consist of closing a ""dangerous loophole"" in voting registration, guaranteeing that all voters are legal citizens. Some opponents of the topic were that it was mainly supported by Republicans, which caused a ""meltdown"" on the left."
32,"The author believes the Save Act is a ""declaration of war against voter fraud, foreign interference, and the erosion of American democracy."" The critics of the bill call it discriminatory. "
33,
34,people have tried to say the bill is discriminatory and others say it's the last opportunity to require proof of citizenship
35,All voters must show proof that they are a citizen to vote.
36,"The only argument that I found in this summary was that some people say it could possibly hinder married women's ability to vote. In one of the articles, I read that one democrat insisted it has always been illegal to vote without proper ID, so the law is redundant. I have found many more key arguments in the summary that are supporting the SAVE act, such as making the voting process easier, more secure, and restoring faith in our elections."
37,The arguments for the save act want to require ID of some kind to vote saying it will prevent non citizens from voting.
38,"Their trying to limit it to only citizens and make sure it's a fair vote, but it could be a huge issue if citizens are wrongly accused of being non- citizens."
39,The SAVE Act is used to protect elections from voter fraud.  
40,Proponents say that the save act is needed to ensure only U.S citizens are voting.  Opponents say that the save act would make it harder for individuals to vote.
41,the SAVE Act aims to defeat voter fraud. Proponents of the law believe this will be highly beneficial to prevent voting fraud. Opponents believe that the Act is discriminatory and harmful. 
42,I am still in the middle 
43,"Those in favor of the SAVE act want ID to be required for voters, presumably in US elections."
44,"Proponents of the SAVE Act argue it protects election integrity by preventing non-citizen voting, while opponents claim it risks disenfranchising legitimate voters and is rooted in unfounded fears of fraud."
45,many key leaders in the republican party are supporters of the SAVE act
46,"Proponents want the save act to ensure that only legal and Native American citizens can vote.
Opponents don’t want it because they are ignorant and want non-citizens to vote. "
47,It is meant to keep non citizens from voting but ends up preventing many citizens from voting
48,"It is about whether people from other countries should be allowed to vote in our elections. One side argues that people who aren't American citizens shouldn't be able to vote in our elections, while others think that putting this into action would prevent people from America here from voting too."
49,"Its about voters rights, and how laws are being proposed or have been passed about requiring additional ID when going to the polls to prevent voter fraud. "
50,"Proponents of the SAVE Act argue it's needed to protect election integrity by ensuring only U.S. citizens can register and vote. They say requiring documentary proof of citizenship will prevent fraud and strengthen public confidence in elections. 

Opponents contend the bill would suppress legitimate voters, disproportionately affecting people without easy access to proof-of-citizenship documents, such as women, low-income, and rural Americans. They argue noncitizen voting is extremely rare and that the law would disenfranchise millions while solving a negligible problem."
51,The opponents of the topic say a lot of people do not have access to the documents that would be needed to vote whereas the proponents say this without the act we give people who have committed crimes and are not citizens rule to our country.
52,"Loss of Autonomy: Students miss opportunities to learn responsible phone use and self-regulation.
Emergency Communication: Parents worry about not being able to reach their children during crises.
Trust Issues: Strict bans may encourage students to hide phones, eroding trust between students and teachers.
Digital Literacy Concerns: Removing phones doesn’t teach students how to manage technology—it avoids the issue.
Local Flexibility: Critics argue that decisions should be made by local districts, not mandated by the state."
53,The impact of the SAVE act and its implemetation.
54,"The proponents of the Save Act argue that voters must provide proof of U.S. citizenship so the government has certain evidence of citizenship. 
The opponents of the Save Act argue that the need to provide a birth certificate or passport will make it extremely difficult for many Americans to vote."
55,"	•	Proponents: Focus on security, integrity, and preventing fraud.
	•	Opponents: Focus on access, fairness, and protecting voter participation.

The SAVE Act debate ultimately reflects a clash between two priorities: ensuring election security versus preserving voter accessibility."
56,Trump administration wants to ensure citizenship by making it mandatory to provide proof of citizenship that many Americans are unable to get. This will prevent thousands of Americans from being able to vote. 
57,the loop hole on voting
58,"The bill imposes criminal penalties on election officials for registration errors, raising concerns about legal risks and uneven enforcement across states. Despite passing the House, the SAVE Act faces significant hurdles in the Senate and highlights a defining tension in U.S. democracy: balancing election security with the fundamental right to vote."
59,protect our elections versus undue hardship on voting
60,"Proponents of laws like the SAVE Act argue that requiring documentation helps prevent voter fraud and ensures that only eligible citizens vote. They see it as a way to protect election integrity and increase public confidence in the results.

Opponents argue that these laws can make voting harder for certain groups—such as low-income individuals, older adults, or people without easy access to identification, potentially reducing voter turnout. They believe such requirements can suppress legitimate votes more than prevent fraud."
61,Proponents want U.S. voters to provide documents proving they are legal citizens when voting.
62,"they argue that requiring proof of citizenship is essential to protect election integrity and prevent voter fraud, They also believed that the law will strengthen public confidence in the voting system and ensure that only U.S. citizens can participate in federal elections."
63,Proof of citizenship to vote. Opponents claim people lack ease of access to get required documents 
64,It will require certain identification to verify a US citizen to try to prevent non-citizen voting but will cause many citizens to be unable to vote as well.
65,"How the SAVE act will change and underwhelm voters and how voting works in American. Forcing legals Americans and Illegals immigrates to need more documents to vote. Which can be hard for many Americans especially women, people of colors, or those who are already going through the process of getting Documation or becoming a full-on American citizen. "
66,"Proponents argue it would protect the integrity of elections by preventing non-citizens from voting.
Opponents argue it would disenfranchise tens of thousands of voters, many of which belong to minority groups that have little access to citizenship documentation, or have changed their names (e.g. married women). They also mention how few non-citizens are voting in elections (around 0.001%)."
67,"The key argument is protecting the integrity of voting without undermining the right to vote. Supporters prioritize security and eligibility verification to bolster confidence.
Opponents prioritize accessibility and argue the cure would disenfranchise far more eligible voters than the rare fraud it seeks to prevent. The Senate outlook remains uncertain given filibuster dynamics."
68,"In short, it is a bill on voter registration, specifically requiring more voter identification. People for it say it’s overreach and could block US citizens from voting. People for say it keeps out illegal aliens or immigrants without proper citizenship. Which for this side believe those people shouldn’t vote."
69,"Proponents 
- Protect the integrity in the election since the documents like passport is used
- Could build public confidence 
- Prevent Illegal Registration 

Opponents
- Restrict many peoples like women (who wants to change their name after marriage ) , young students to be eligible for the election 
- Could create fear among people in the election 
- There was never the problem of illegal people in election so there is administrative burden for no any good changes 
"
70,"Proponents: The bill is necessary because the current system is vulnerable to ""illegal aliens"" and that the stricter proof of documentation requirements ensure elections to be legitimate. They believe that rare instances of fraud justify implementing these standards on all voters.

Opponents: They oppose this because there are so few instances of noncitizens voting to justify the law; it is ""statistically negligible."" They also argue that it would make it harder for millions of eligible Americans who don't have easy access to specific documentation it mandates. "
71,"I am fully aware of the strict legal boundaries placed on my status. Voting illegally would risk serious consequences, including deportation, loss of visa status, and permanent bans from reentering the country. The idea that large numbers of non-citizens are casually voting ignores how high the personal risk actually is.

Second, there is little credible evidence that non-citizen voting occurs on a scale that would affect election outcomes. Because this problem appears to be extremely rare, the SAVE Act seems to be addressing a perceived threat rather than a real one. Passing laws based on fear rather than data can damage trust in democracy rather than protect it."
72,"Supporters of the SAVE Act argue that it helps protect U.S. elections by making sure only citizens can vote, which they say prevents fraud and strengthens democracy. Opponents, however, worry that it could make it harder for eligible voters to participate, especially those who recently became citizens or changed their names, and argue that the problem the law tries to solve is not widespread. Overall, the bill is seen as a step to secure elections by some, but as potentially restrictive by others."
73,Proponents would like it to pass so that voting by non-citizens can be prevented. The opponents' side is not thoroughly discussed so the only downside that is mentioned has to do with married women and name changes possibly barring them from taking part in elections.
74,it was about voting with documents
75,"Proponents claim that the act would eliminate non-legal voters input in elections, while opponents claim it will strip rights from some citizens, like married couples. "
76,The SAVE act makes you have an ID for when you vote. It only talked about how if you disagree then you are dangerously liberal and it makes no sense why you disagree. I completely disagree with that sentiment. If you live here you should have a say. Some people are refugees or leave their country because it is not safe! How is that dangerous? I think it is good solely to make sure you are only voting once. 
77,The Save Act revolves around providing proof of us citizenship before voter registration. The article provides both parties viewpoints on the act and has quotes from some congressmen such as speaker Mike Johnson.
78,"Proponents don't want the votes of immigrants, citizens without ""proper"" identification and maybe also women, to be counted in official election results."
79,some argue that we need the S.A.V.E act to prevent non-Americans from voting to ensure only citizens have a say in the people who are elected in office. while others argue that the S.A.V.E act will cause voter suppression and that since non-citizens aren't allowed to vote in federal elections anyway this bill do nothing to further safeguard our elections. 
80,"Supporters say the SAVE Act prevents voter fraud, ensures only U.S. citizens vote, and protects election integrity.
Opponents argue it could be discriminatory, create barriers for eligible voters, and is politically motivated rather than solving real problems."
81,"Support involves, almost entirely, the prevention of 'illegals' from voting, and slashing arguments of opponents.

Arguments often involve bringing light to potential discriminatory action under the bill, as well as the additional stakes rolled into it."
82,"This topic is much simpler or at least this article its. The proponents say that not identifying voters will allow ""illegals"" to vote. While the opponents say the bill is discriminatory and could prevent married women from voting."
83,"Proponents:
- The Save Act would prevent voter fraud and restore election security/confidence
- The Act would make voter rules uniform and defend democracy

Opponents:
- Noncitizen voting is rare, and not much of an issue
- May risk disenfranchising registered voters
- Might damage trust in the voting system by inspiring fear"
84,promote a healthier and more focused educational environment”.
85,"Proponents of the SAVE Act argue that the legislation is essential to protect election integrity by ensuring that only U.S. citizens can register and vote in federal elections. They claim existing rules allow non-citizens to simply self-attest their citizenship without providing documentation, creating what they view as a dangerous vulnerability that could enable voter fraud and even foreign interference. Supporters such as Rep. Chip Roy, Speaker Mike Johnson, and Sen. Mike Lee frame the bill as a necessary defense of American sovereignty, insisting that requiring documents like passports or birth certificates is a common-sense safeguard. They portray opposition as politically motivated or intentionally permissive of non-citizen voting, with some—like Elon Musk—even characterizing critics as “traitors.” For proponents, the stakes are extremely high: they present the bill as a last opportunity to secure elections and a cornerstone in a broader struggle over the future direction of the country.

Opponents, though not fully quoted in the article, are described as raising concerns that the SAVE Act could create barriers for eligible voters, including citizens who may have difficulty accessing required documents or who have changed their names. They argue that claims of widespread non-citizen voting are unfounded and politically exaggerated, warning that the bill could unnecessarily restrict participation rather than enhance security. Critics also express concern about federal overreach, particularly in light of threats to strip funding from states that do not comply with the new requirements. From their perspective, the legislation risks disenfranchising lawful voters and appears driven more by partisan objectives than by documented election vulnerabilities."
86,"The proponents declare the importance of the act to prevent voter fraud.
The opponents declare the obstruction of accessibility for rightful voters."
